crb643,3c41e575-a551-4255-9051-1dba65d9a71f
ehsaan555,7a1740f7-d5b2-4483-865b-b550d8bb7be8
julian12345699,5bd1a250-aa10-45cc-99e3-09c8533b83e7
juuuzz,b5e5d590-1ee0-40f2-ad2b-75f4fd60bd23
mrgamegespielt,53ef934e-7bbc-4b01-9d19-f33ef93417f3
mrletsplay2003,5316ec64-81b8-4f9e-ac9f-0968b00e06ba
ottaxxx,08c5cdec-128e-42b3-9f81-080c4cb7c486
pizzefresser,be67f40b-6c29-4697-860c-1eafee0871b9
quondarek,04ee6a9a-2c8b-45ae-9572-fd8491aafcc0
simmel_87,4a1c377e-2d2a-4f8e-966c-8500d002da28
xfritschi,5df427f2-1638-4c5e-aebc-1ccfa12a31fe
ysluk,3020ac3d-5e3a-459c-bc7c-c9bd068ffc7f
zcuzimefetzklp,f6e425d1-8c8e-4098-b454-5586a95907c9
zombie_crafting,037426e0-bc12-40ff-956b-ea6855d93b69
